商品ID,商品名,画像URL,サイズ,商品コード,JANコード,税抜価格,税込価格,作成日時,更新日時
1,リネンシャツ,,S,MLS-101,4595643591894,3500,3850,2024-03-20 6:47:44,2024-06-11 11:51:48
2,リネンシャツ,,M,MLS-101,4595643591900,3500,3850,2024-10-16 2:32:51,2024-10-17 22:28:03
3,カジュアルTシャツ,,S,MCT-202,4595643591917,2800,3080,2024-02-22 20:39:23,2024-03-25 18:24:38
4,カジュアルTシャツ,,M,MCT-202,4595643591924,2800,3080,2024-07-25 7:55:02,2024-09-18 10:38:14
5,デニムジャケット,,S,MDJ-303,4595643591931,8200,9020,2024-03-14 6:30:18,2024-08-21 20:44:48
6,デニムジャケット,,M,MDJ-303,4595643591948,8200,9020,2024-09-13 21:14:22,2024-09-26 13:11:47
7,ウィンターコート,,S,MWC-404,4595643591955,15000,16500,2023-11-07 18:37:09,2024-04-12 21:08:39
8,ウィンターコート,,M,MWC-404,4595643591962,15000,16500,2024-09-18 2:56:20,2024-10-11 18:23:35
9,ストレッチパンツ,,S,MSP-505,4570139853298,4800,5280,2024-03-10 22:39:32,2024-08-19 17:04:33
10,ストレッチパンツ,,M,MSP-505,4570139853304,4800,5280,2024-04-10 11:12:20,2024-07-03 3:35:42
11,スウェットパーカー,,S,MSH-606,4570139853311,4200,4620,2024-07-16 6:20:52,2024-09-17 22:41:56
12,スウェットパーカー,,M,MSH-606,4570139853328,4200,4620,2024-09-01 4:48:50,2024-10-12 20:26:40
13,シルクシャツ,,S,MSS-707,4595643591979,6000,6600,2024-05-26 18:56:26,2024-07-13 8:16:55
14,シルクシャツ,,M,MSS-707,4595643591986,6000,6600,2024-08-24 3:19:28,2024-09-23 7:30:16
15,カーディガン,,S,MCD-808,4595643591993,5500,6050,2023-10-29 22:46:05,2024-07-28 16:47:16
16,カーディガン,,M,MCD-808,4570139850013,5500,6050,2024-09-10 15:23:47,2024-09-20 19:34:48
17,スポーツショーツ,,S,MSS-909,4570139850020,3200,3520,2024-08-30 2:18:21,2024-10-05 7:42:01
18,スポーツショーツ,,M,MSS-909,4570139850037,3200,3520,2024-05-15 9:00:09,2024-08-10 13:09:40
19,アスレジャーセーター,,S,MAS-010,4570139850044,5300,5830,2024-04-23 3:42:18,2024-10-08 18:18:14
20,アスレジャーセーター,,M,MAS-010,4570139850051,5300,5830,2024-01-11 12:43:34,2024-06-13 15:24:34
21,フェイクレザージャケット,,S,MFLJ-111,4570139850303,9800,10780,2024-09-12 6:21:31,2024-09-21 13:40:02
22,フェイクレザージャケット,,M,MFLJ-111,4570139850310,9800,10780,2024-01-16 10:39:59,2024-09-25 21:38:24
23,コットンポロシャツ,,S,MCP-212,4570139850327,3700,4070,2024-07-07 14:44:27,2024-09-27 18:26:46
24,コットンポロシャツ,,M,MCP-212,4570139850334,3700,4070,2023-11-21 19:15:39,2023-12-08 1:09:32
25,オーバーサイズスウェット,,S,MOS-313,4570139850341,4600,5060,2024-04-26 17:19:32,2024-07-08 16:48:15
26,オーバーサイズスウェット,,M,MOS-313,4570139850358,4600,5060,2024-05-28 6:09:25,2024-06-21 19:56:09
27,モダンブレザー,,S,MMB-414,4570139850365,8700,9570,2023-10-19 10:04:51,2024-06-12 6:06:48
28,モダンブレザー,,M,MMB-414,4570139850372,8700,9570,2024-08-20 9:01:18,2024-08-23 21:17:17
29,リラックスパーカー,,S,MRP-515,4570139850389,4000,4400,2024-01-18 9:58:50,2024-01-31 22:28:41
30,リラックスパーカー,,M,MRP-515,4570139850396,4000,4400,2024-03-06 1:06:13,2024-08-07 4:48:38
,,,,,,,,,
,,,,,,,,,
,,,,,,,,,
,,,,,,,,,
,,,,,,,,,
,,,,,,,,,
,,,,,,,,,
,,,,,,,,,
,,,,,,,,,
,,,,,,,,,
,#NAME?,,,,,,,,
,#NAME?,,,,,,,,
,#NAME?,,,,,,,,
,#NAME?,,,,,,,,
,#NAME?,,,,,,,,
,#NAME?,,,,,,,,
,#NAME?,,,,,,,,
,#NAME?,,,,,,,,
,#NAME?,,,,,,,,
,#NAME?,,,,,,,,
,#NAME?,,,,,,,,
,#NAME?,,,,,,,,
,#NAME?,,,,,,,,
,#NAME?,,,,,,,,
,#NAME?,,,,,,,,
,,,,,,,,,
,,,,,,,,,
,,,,,,,,,
,,,,,,,,,
,,,,,,,,,
,,,,,,,,,
,,,,,,,,,
,,,,,,,,,
,,,,,,,,,
,,,,,,,,,
,,,,,,,,,
,,,,,,,,,
,,,,,,,,,
,,,,,,,,,
,,,,,,,,,
,,,,,,,,,
,,,,,,,,,
,,,,,,,,,
,,,,,,,,,
,,,,,,,,,
,,,,,,,,,
,,,,,,,,,
,,,,,,,,,
,,,,,,,,,
,,,,,,,,,
,,,,,,,,,
,,,,,,,,,
,,,,,,,,,
,,,,,,,,,
,,,,,,,,,
,,,,,,,,,
,,,,,,,,,
,,,,,,,,,
,,,,,,,,,
,,,,,,,,,
,,,,,,,,,
,,,,,,,,,
,,,,,,,,,
,,,,,,,,,
,,,,,,,,,
,,,,,,,,,
,,,,,,,,,
,,,,,,,,,
,,,,,,,,,
,,,,,,,,,
,,,,,,,,,
,,,,,,,,,
,,,,,,,,,
,,,,,,,,,
,,,,,,,,,
,,,,,,,,,
,,,,,,,,,
,,,,,,,,,
,,,,,,,,,
,,,,,,,,,
,,,,,,,,,
,,,,,,,,,
,,,,,,,,,
,,,,,,,,,
,,,,,,,,,
,,,,,,,,,
,,,,,,,,,
,,,,,,,,,
,,,,,,,,,
,,,,,,,,,
,,,,,,,,,
,,,,,,,,,
,,,,,,,,,
,,,,,,,,,
,,,,,,,,,
,,,,,,,,,
,,,,,,,,,
,,,,,,,,,
,,,,,,,,,
,,,,,,,,,
,,,,,,,,,
,,,,,,,,,
,,,,,,,,,
,,,,,,,,,
,,,,,,,,,
,,,,,,,,,
,,,,,,,,,
,,,,,,,,,
,,,,,,,,,
,,,,,,,,,
,,,,,,,,,
,,,,,,,,,
,,,,,,,,,
,,,,,,,,,
,,,,,,,,,
,,,,,,,,,
,,,,,,,,,
,,,,,,,,,
,,,,,,,,,
,,,,,,,,,
,,,,,,,,,
,,,,,,,,,
,,,,,,,,,
,,,,,,,,,
,,,,,,,,,
,,,,,,,,,
,,,,,,,,,
,,,,,,,,,
,,,,,,,,,
,,,,,,,,,
,,,,,,,,,
,,,,,,,,,
,,,,,,,,,
,,,,,,,,,
,,,,,,,,,
,,,,,,,,,
,,,,,,,,,
,,,,,,,,,
,,,,,,,,,
,,,,,,,,,
,,,,,,,,,
,,,,,,,,,
,,,,,,,,,
,,,,,,,,,
,,,,,,,,,
,,,,,,,,,
,,,,,,,,,
,,,,,,,,,
,,,,,,,,,
,,,,,,,,,
,,,,,,,,,
,,,,,,,,,
,,,,,,,,,
,,,,,,,,,
,,,,,,,,,
,,,,,,,,,
,,,,,,,,,
,,,,,,,,,
,,,,,,,,,
,,,,,,,,,
,,,,,,,,,
,,,,,,,,,
,,,,,,,,,
,,,,,,,,,
,,,,,,,,,
,,,,,,,,,
,,,,,,,,,
,,,,,,,,,
,,,,,,,,,
,,,,,,,,,
,,,,,,,,,
,,,,,,,,,
,,,,,,,,,
,,,,,,,,,
,,,,,,,,,
,,,,,,,,,
,,,,,,,,,
,,,,,,,,,
,,,,,,,,,
,,,,,,,,,
,,,,,,,,,
,,,,,,,,,
,,,,,,,,,
,,,,,,,,,
,,,,,,,,,
,,,,,,,,,
,,,,,,,,,
,,,,,,,,,
,,,,,,,,,
,,,,,,,,,
,,,,,,,,,
,,,,,,,,,
,,,,,,,,,
,,,,,,,,,
,,,,,,,,,
,,,,,,,,,
,,,,,,,,,
,,,,,,,,,
,,,,,,,,,
,,,,,,,,,
,,,,,,,,,
,,,,,,,,,
,,,,,,,,,
,,,,,,,,,
,,,,,,,,,
,,,,,,,,,
,,,,,,,,,
,,,,,,,,,
,,,,,,,,,
,,,,,,,,,
,,,,,,,,,
,,,,,,,,,
,,,,,,,,,
,,,,,,,,,
,,,,,,,,,
,,,,,,,,,
,,,,,,,,,
,,,,,,,,,
,,,,,,,,,
,,,,,,,,,
,,,,,,,,,
,,,,,,,,,
,,,,,,,,,
,,,,,,,,,
,,,,,,,,,
,,,,,,,,,
,,,,,,,,,
,,,,,,,,,
,,,,,,,,,
,,,,,,,,,
,,,,,,,,,
,,,,,,,,,
,,,,,,,,,
,,,,,,,,,
,,,,,,,,,
,,,,,,,,,
,,,,,,,,,
,,,,,,,,,
,,,,,,,,,
,,,,,,,,,
,,,,,,,,,
,,,,,,,,,
,,,,,,,,,
,,,,,,,,,
,,,,,,,,,
,,,,,,,,,
,,,,,,,,,
,,,,,,,,,
,,,,,,,,,
,,,,,,,,,
,,,,,,,,,
,,,,,,,,,
,,,,,,,,,
,,,,,,,,,
,,,,,,,,,
,,,,,,,,,
,,,,,,,,,
,,,,,,,,,
,,,,,,,,,
,,,,,,,,,
,,,,,,,,,
,,,,,,,,,
,,,,,,,,,
,,,,,,,,,
,,,,,,,,,
,,,,,,,,,
,,,,,,,,,
,,,,,,,,,
,,,,,,,,,
,,,,,,,,,
,,,,,,,,,
,,,,,,,,,
,,,,,,,,,
,,,,,,,,,
,,,,,,,,,
,,,,,,,,,
,,,,,,,,,
,,,,,,,,,
,,,,,,,,,
,,,,,,,,,
,,,,,,,,,
,,,,,,,,,
,,,,,,,,,
,,,,,,,,,
,,,,,,,,,
,,,,,,,,,
,,,,,,,,,
,,,,,,,,,
,,,,,,,,,
,,,,,,,,,
,,,,,,,,,
,,,,,,,,,
,,,,,,,,,
,,,,,,,,,
,,,,,,,,,
,,,,,,,,,
,,,,,,,,,
,,,,,,,,,
,,,,,,,,,
,,,,,,,,,
,,,,,,,,,
,,,,,,,,,
,,,,,,,,,
